_MEMBER_MyList,_LogP_MyList,GO,_PATTERN_,_RANK_,GiniIndex,Category,CategoryID,Description,PARENT_GO,LogP,Enrichment,Z-score,#TotalGeneInLibrary,#GeneInGO,#GeneInHitList,#GeneInGOAndHitList,%InGO,STDV %InGO,GeneID,Hits,Log(q-value),EvidenceCutoff,GROUP_ID,FirstInGroupByEnrichment,FirstInGroupByLogP,BestLogPInGroup,BestEnrichmentInGroup,URL
1,-25.2887527768007,GO:0006520,M1,1,0,GO Biological Processes,19,amino acid metabolic process,19_GO:0008152 metabolic process,-25.2887527768007,35.28848958637185,25.96001971698392,30244,281,61,20,32.78688524590164,6.010521758620994,38|440|1743|2653|2731|2752|5198|5859|8833|10352|10667|23395|23438|29920|29968|51067|54938|55157|57176|124454,ACAT1|ASNS|DLST|GCSH|GLDC|GLUL|PFAS|QARS1|GMPS|WARS2|FARS2|LARS2|HARS2|PYCR2|PSAT1|YARS2|SARS2|DARS2|VARS2|EARS2,-21.226670281963706,0,1,1,1,-25.2887527768007,309.87704918032784,
1,-21.75079337317983,R-HSA-379726,M1,1,0,Reactome Gene Sets,6,Mitochondrial tRNA aminoacylation,,-21.75079337317983,236.09679937548788,48.448878546052846,30244,21,61,10,16.39344262295082,4.740130905820338,5859|10352|10667|23395|23438|51067|54938|55157|57176|124454,QARS1|WARS2|FARS2|LARS2|HARS2|YARS2|SARS2|DARS2|VARS2|EARS2,-18.356477917182698,0,1,0,0,-25.2887527768007,309.87704918032784,
1,-18.26190916916286,GO:0006418,M1,1,0,GO Biological Processes,19,tRNA aminoacylation for protein translation,19_GO:0008152 metabolic process,-18.26190916916286,120.92762894842062,34.54476836074862,30244,41,61,10,16.39344262295082,4.740130905820338,5859|10352|10667|23395|23438|51067|54938|55157|57176|124454,QARS1|WARS2|FARS2|LARS2|HARS2|YARS2|SARS2|DARS2|VARS2|EARS2,-14.954743888884627,0,1,0,0,-25.2887527768007,309.87704918032784,
1,-18.14447671715736,R-HSA-379724,M1,1,0,Reactome Gene Sets,6,tRNA Aminoacylation,,-18.14447671715736,118.04839968774394,34.124667171624644,30244,42,61,10,16.39344262295082,4.740130905820338,5859|10352|10667|23395|23438|51067|54938|55157|57176|124454,QARS1|WARS2|FARS2|LARS2|HARS2|YARS2|SARS2|DARS2|VARS2|EARS2,-14.875099997768528,0,1,0,0,-25.2887527768007,309.87704918032784,
1,-17.918882197055414,GO:0043039,M1,1,0,GO Biological Processes,19,tRNA aminoacylation,19_GO:0008152 metabolic process,-17.918882197055414,112.68256333830104,33.32762687863326,30244,44,61,10,16.39344262295082,4.740130905820338,5859|10352|10667|23395|23438|51067|54938|55157|57176|124454,QARS1|WARS2|FARS2|LARS2|HARS2|YARS2|SARS2|DARS2|VARS2|EARS2,-14.684267583925793,0,1,0,0,-25.2887527768007,309.87704918032784,
1,-17.810404622594184,GO:0043038,M1,1,0,GO Biological Processes,19,amino acid activation,19_GO:0008152 metabolic process,-17.810404622594184,110.17850637522768,32.94907863731094,30244,45,61,10,16.39344262295082,4.740130905820338,5859|10352|10667|23395|23438|51067|54938|55157|57176|124454,QARS1|WARS2|FARS2|LARS2|HARS2|YARS2|SARS2|DARS2|VARS2|EARS2,-14.607974692835965,0,1,0,0,-25.2887527768007,309.87704918032784,
1,-16.00398585784261,hsa00970,M1,1,0,KEGG Pathway,24,Aminoacyl-tRNA biosynthesis,,-16.00398585784261,75.12170889220069,27.09993907818133,30244,66,61,10,16.39344262295082,4.740130905820338,5859|10352|10667|23395|23438|51067|54938|55157|57176|124454,QARS1|WARS2|FARS2|LARS2|HARS2|YARS2|SARS2|DARS2|VARS2|EARS2,-12.838726783075751,0,1,0,0,-25.2887527768007,309.87704918032784,
1,-15.983164765856284,GO:0006399,M1,1,0,GO Biological Processes,19,tRNA metabolic process,19_GO:0008152 metabolic process,-15.983164765856284,33.22393104613825,20.24199423012736,30244,194,61,13,21.311475409836067,5.243213500997451,5859|10352|10667|23395|23438|25821|51067|54517|54938|55157|57176|84705|124454,QARS1|WARS2|FARS2|LARS2|HARS2|MTO1|YARS2|PUS7|SARS2|DARS2|VARS2|GTPBP3|EARS2,-12.838726783075751,0,1,0,0,-25.2887527768007,309.87704918032784,
1,-11.803240779994105,GO:0070127,M1,1,0,GO Biological Processes,19,tRNA aminoacylation for mitochondrial protein translation,19_GO:0008152 metabolic process,-11.803240779994105,309.87704918032784,39.27937919382804,30244,8,61,5,8.19672131147541,3.5122406348195736,10352|51067|54938|55157|124454,WARS2|YARS2|SARS2|DARS2|EARS2,-8.917080812456604,0,1,0,0,-25.2887527768007,309.87704918032784,
1,-10.51428400723071,GO:0034660,M1,1,0,GO Biological Processes,19,ncRNA metabolic process,19_GO:0008152 metabolic process,-10.51428400723071,12.395081967213116,11.78315659497292,30244,520,61,13,21.311475409836067,5.243213500997451,5859|10352|10667|23395|23438|25821|51067|54517|54938|55157|57176|84705|124454,QARS1|WARS2|FARS2|LARS2|HARS2|MTO1|YARS2|PUS7|SARS2|DARS2|VARS2|GTPBP3|EARS2,-7.733927765861248,0,1,0,0,-25.2887527768007,309.87704918032784,
1,-9.458797365989982,GO:0000959,M1,1,0,GO Biological Processes,19,mitochondrial RNA metabolic process,19_GO:0008152 metabolic process,-9.458797365989982,67.60953800298063,19.877210575808505,30244,44,61,6,9.836065573770492,3.8129597199970875,6182|10352|51067|54938|55157|124454,MRPL12|WARS2|YARS2|SARS2|DARS2|EARS2,-6.712299391881487,0,1,0,0,-25.2887527768007,309.87704918032784,
1,-25.27419825173618,GO:0032543,M1,1,0,GO Biological Processes,19,mitochondrial translation,19_GO:0008152 metabolic process,-25.27419825173618,72.11684053651267,33.59205365042788,30244,110,61,16,26.229508196721312,5.632114763742966,6182|9553|9801|10352|10573|11222|23395|51067|51116|54938|55157|63875|64965|65008|79590|124454,MRPL12|MRPL33|MRPL19|WARS2|MRPL28|MRPL3|LARS2|YARS2|MRPS2|SARS2|DARS2|MRPL17|MRPS9|MRPL1|MRPL24|EARS2,-21.226670281963706,0,2,1,1,-25.27419825173618,82.63387978142077,
1,-24.949853938511115,R-HSA-72766,M1,1,0,Reactome Gene Sets,6,Translation,,-24.949853938511115,33.9591286772962,25.44194939996419,30244,292,61,20,32.78688524590164,6.010521758620994,5859|6182|9553|9801|10352|10573|10667|11222|23395|23438|51067|51116|54938|55157|57176|63875|64965|65008|79590|124454,QARS1|MRPL12|MRPL33|MRPL19|WARS2|MRPL28|FARS2|MRPL3|LARS2|HARS2|YARS2|MRPS2|SARS2|DARS2|VARS2|MRPL17|MRPS9|MRPL1|MRPL24|EARS2,-21.078417227794322,0,2,0,0,-25.27419825173618,82.63387978142077,
1,-24.497745685447054,GO:0043603,M1,1,0,GO Biological Processes,19,amide metabolic process,19_GO:0008152 metabolic process,-24.497745685447054,16.133773774595294,19.489962270237356,30244,799,61,26,42.622950819672134,6.331781850305082,38|440|1743|2752|4967|5859|6182|9553|9801|10352|10573|10667|11222|23395|23438|51067|51116|54938|54995|55157|57176|63875|64965|65008|79590|124454,ACAT1|ASNS|DLST|GLUL|OGDH|QARS1|MRPL12|MRPL33|MRPL19|WARS2|MRPL28|FARS2|MRPL3|LARS2|HARS2|YARS2|MRPS2|SARS2|OXSM|DARS2|VARS2|MRPL17|MRPS9|MRPL1|MRPL24|EARS2,-20.75124771133856,0,2,0,0,-25.27419825173618,82.63387978142077,
1,-23.402810954193765,GO:0140053,M1,1,0,GO Biological Processes,19,mitochondrial gene expression,19_GO:0008152 metabolic process,-23.402810954193765,55.86515816208728,29.460443628705047,30244,142,61,16,26.229508196721312,5.632114763742966,6182|9553|9801|10352|10573|11222|23395|51067|51116|54938|55157|63875|64965|65008|79590|124454,MRPL12|MRPL33|MRPL19|WARS2|MRPL28|MRPL3|LARS2|YARS2|MRPS2|SARS2|DARS2|MRPL17|MRPS9|MRPL1|MRPL24|EARS2,-19.753222993093328,0,2,0,0,-25.27419825173618,82.63387978142077,
1,-22.546273125112045,GO:0043604,M1,1,0,GO Biological Processes,19,amide biosynthetic process,19_GO:0008152 metabolic process,-22.546273125112045,20.12485633053052,20.197663298972802,30244,542,61,22,36.0655737704918,6.148212809299356,38|440|5859|6182|9553|9801|10352|10573|10667|11222|23395|23438|51067|51116|54938|55157|57176|63875|64965|65008|79590|124454,ACAT1|ASNS|QARS1|MRPL12|MRPL33|MRPL19|WARS2|MRPL28|FARS2|MRPL3|LARS2|HARS2|YARS2|MRPS2|SARS2|DARS2|VARS2|MRPL17|MRPS9|MRPL1|MRPL24|EARS2,-18.975866410059233,0,2,0,0,-25.27419825173618,82.63387978142077,
1,-22.440143034975623,GO:0006412,M1,1,0,GO Biological Processes,19,translation,19_GO:0008152 metabolic process,-22.440143034975623,25.491171140798176,21.85606463708813,30244,389,61,20,32.78688524590164,6.010521758620994,5859|6182|9553|9801|10352|10573|10667|11222|23395|23438|51067|51116|54938|55157|57176|63875|64965|65008|79590|124454,QARS1|MRPL12|MRPL33|MRPL19|WARS2|MRPL28|FARS2|MRPL3|LARS2|HARS2|YARS2|MRPS2|SARS2|DARS2|VARS2|MRPL17|MRPS9|MRPL1|MRPL24|EARS2,-18.936683109553424,0,2,0,0,-25.27419825173618,82.63387978142077,
1,-21.81686206851141,GO:0043043,M1,1,0,GO Biological Processes,19,peptide biosynthetic process,19_GO:0008152 metabolic process,-21.81686206851141,23.722644913326533,21.030309603207314,30244,418,61,20,32.78688524590164,6.010521758620994,5859|6182|9553|9801|10352|10573|10667|11222|23395|23438|51067|51116|54938|55157|57176|63875|64965|65008|79590|124454,QARS1|MRPL12|MRPL33|MRPL19|WARS2|MRPL28|FARS2|MRPL3|LARS2|HARS2|YARS2|MRPS2|SARS2|DARS2|VARS2|MRPL17|MRPS9|MRPL1|MRPL24|EARS2,-18.371394090066897,0,2,0,0,-25.27419825173618,82.63387978142077,
1,-20.054441574295772,GO:0006518,M1,1,0,GO Biological Processes,19,peptide metabolic process,19_GO:0008152 metabolic process,-20.054441574295772,19.32956252196977,18.823577832770827,30244,513,61,20,32.78688524590164,6.010521758620994,5859|6182|9553|9801|10352|10573|10667|11222|23395|23438|51067|51116|54938|55157|57176|63875|64965|65008|79590|124454,QARS1|MRPL12|MRPL33|MRPL19|WARS2|MRPL28|FARS2|MRPL3|LARS2|HARS2|YARS2|MRPS2|SARS2|DARS2|VARS2|MRPL17|MRPS9|MRPL1|MRPL24|EARS2,-16.705883608859317,0,2,0,0,-25.27419825173618,82.63387978142077,
1,-15.295363545907236,CORUM:320,M1,1,0,CORUM,33,"55S ribosome, mitochondrial",,-15.295363545907236,64.39003619331487,25.037816433927617,30244,77,61,10,16.39344262295082,4.740130905820338,6182|9553|9801|10573|11222|51116|63875|64965|65008|79590,MRPL12|MRPL33|MRPL19|MRPL28|MRPL3|MRPS2|MRPL17|MRPS9|MRPL1|MRPL24,-12.177254501849053,0,2,0,0,-25.27419825173618,82.63387978142077,
1,-14.740099325744358,R-HSA-5368286,M1,1,0,Reactome Gene Sets,6,Mitochondrial translation initiation,,-14.740099325744358,56.988882607876384,23.510588969807234,30244,87,61,10,16.39344262295082,4.740130905820338,6182|9553|9801|10573|11222|51116|63875|64965|65008|79590,MRPL12|MRPL33|MRPL19|MRPL28|MRPL3|MRPS2|MRPL17|MRPS9|MRPL1|MRPL24,-11.692571355971882,0,2,0,0,-25.27419825173618,82.63387978142077,
1,-14.740099325744358,R-HSA-5389840,M1,1,0,Reactome Gene Sets,6,Mitochondrial translation elongation,,-14.740099325744358,56.988882607876384,23.510588969807234,30244,87,61,10,16.39344262295082,4.740130905820338,6182|9553|9801|10573|11222|51116|63875|64965|65008|79590,MRPL12|MRPL33|MRPL19|MRPL28|MRPL3|MRPS2|MRPL17|MRPS9|MRPL1|MRPL24,-11.692571355971882,0,2,0,0,-25.27419825173618,82.63387978142077,
1,-14.740099325744358,R-HSA-5419276,M1,1,0,Reactome Gene Sets,6,Mitochondrial translation termination,,-14.740099325744358,56.988882607876384,23.510588969807234,30244,87,61,10,16.39344262295082,4.740130905820338,6182|9553|9801|10573|11222|51116|63875|64965|65008|79590,MRPL12|MRPL33|MRPL19|MRPL28|MRPL3|MRPS2|MRPL17|MRPS9|MRPL1|MRPL24,-11.692571355971882,0,2,0,0,-25.27419825173618,82.63387978142077,
1,-14.438865141848956,R-HSA-5368287,M1,1,0,Reactome Gene Sets,6,Mitochondrial translation,,-14.438865141848956,53.312180504142425,22.713789006262544,30244,93,61,10,16.39344262295082,4.740130905820338,6182|9553|9801|10573|11222|51116|63875|64965|65008|79590,MRPL12|MRPL33|MRPL19|MRPL28|MRPL3|MRPS2|MRPL17|MRPS9|MRPL1|MRPL24,-11.412526471146418,0,2,0,0,-25.27419825173618,82.63387978142077,
1,-13.22048179794071,CORUM:324,M1,1,0,CORUM,33,"39S ribosomal subunit, mitochondrial",,-13.22048179794071,82.63387978142077,25.4455884212044,30244,48,61,8,13.114754098360656,4.322033967852647,6182|9553|9801|10573|11222|63875|65008|79590,MRPL12|MRPL33|MRPL19|MRPL28|MRPL3|MRPL17|MRPL1|MRPL24,-10.233651668521846,0,2,0,0,-25.27419825173618,82.63387978142077,
1,-11.847576491578263,hsa03010,M1,1,0,KEGG Pathway,24,Ribosome,,-11.847576491578263,29.688819083145184,16.71282246410789,30244,167,61,10,16.39344262295082,4.740130905820338,6182|9553|9801|10573|11222|51116|63875|64965|65008|79590,MRPL12|MRPL33|MRPL19|MRPL28|MRPL3|MRPS2|MRPL17|MRPS9|MRPL1|MRPL24,-8.946176557484025,0,2,0,0,-25.27419825173618,82.63387978142077,
1,-13.48854050784852,hsa01200,M1,1,0,KEGG Pathway,24,Carbon metabolism,,-13.48854050784852,43.11332858161083,20.340999104361515,30244,115,61,10,16.39344262295082,4.740130905820338,38|847|1431|1743|2597|2653|2731|4967|29968|221823,ACAT1|CAT|CS|DLST|GAPDH|GCSH|GLDC|OGDH|PSAT1|PRPS1L1,-10.482405223234268,0,3,1,1,-13.48854050784852,92.96311475409836,
1,-7.515542288945439,WP3925,M1,1,0,WikiPathways,27,Amino acid metabolism,,-7.515542288945439,32.690326067375246,13.610631956219677,30244,91,61,6,9.836065573770492,3.8129597199970875,440|1431|1743|2752|4967|23395,ASNS|CS|DLST|GLUL|OGDH|LARS2,-4.820196837284326,0,3,0,0,-13.48854050784852,92.96311475409836,
1,-5.538929050594064,GO:0006790,M1,1,0,GO Biological Processes,19,sulfur compound metabolic process,19_GO:0008152 metabolic process,-5.538929050594064,11.268256333830102,8.142754201135212,30244,308,61,7,11.475409836065573,4.080854845958752,38|262|1743|4967|10380|11019|54995,ACAT1|AMD1|DLST|OGDH|BPNT1|LIAS|OXSM,-2.989711634611188,0,3,0,0,-13.48854050784852,92.96311475409836,
1,-5.382193578887292,GO:0033865,M1,1,0,GO Biological Processes,19,nucleoside bisphosphate metabolic process,19_GO:0008152 metabolic process,-5.382193578887292,21.00861350375104,9.790016266629499,30244,118,61,5,8.19672131147541,3.5122406348195736,38|1743|4967|10380|54995,ACAT1|DLST|OGDH|BPNT1|OXSM,-2.866144526157071,0,3,0,0,-13.48854050784852,92.96311475409836,
1,-5.382193578887292,GO:0033875,M1,1,0,GO Biological Processes,19,ribonucleoside bisphosphate metabolic process,19_GO:0008152 metabolic process,-5.382193578887292,21.00861350375104,9.790016266629499,30244,118,61,5,8.19672131147541,3.5122406348195736,38|1743|4967|10380|54995,ACAT1|DLST|OGDH|BPNT1|OXSM,-2.866144526157071,0,3,0,0,-13.48854050784852,92.96311475409836,
1,-5.382193578887292,GO:0034032,M1,1,0,GO Biological Processes,19,purine nucleoside bisphosphate metabolic process,19_GO:0008152 metabolic process,-5.382193578887292,21.00861350375104,9.790016266629499,30244,118,61,5,8.19672131147541,3.5122406348195736,38|1743|4967|10380|54995,ACAT1|DLST|OGDH|BPNT1|OXSM,-2.866144526157071,0,3,0,0,-13.48854050784852,92.96311475409836,
1,-5.367477137596642,WP2453,M1,1,0,WikiPathways,27,TCA cycle and deficiency of pyruvate dehydrogenase complex (PDHc),,-5.367477137596642,92.96311475409836,16.54112742123432,30244,16,61,3,4.918032786885246,2.768725315386085,1431|1743|4967,CS|DLST|OGDH,-2.8577682628974395,0,3,0,0,-13.48854050784852,92.96311475409836,
1,-5.205224142394815,WP78,M1,1,0,WikiPathways,27,TCA cycle (aka Krebs or citric acid cycle),,-5.205224142394815,82.63387978142076,15.574442205038842,30244,18,61,3,4.918032786885246,2.768725315386085,1431|1743|4967,CS|DLST|OGDH,-2.7079245256774334,0,3,0,0,-13.48854050784852,92.96311475409836,
1,-5.003333691315729,GO:0006091,M1,1,0,GO Biological Processes,19,generation of precursor metabolites and energy,19_GO:0008152 metabolic process,-5.003333691315729,9.329631588224924,7.267102125145962,30244,372,61,7,11.475409836065573,4.080854845958752,38|847|1431|1743|2731|4967|64080,ACAT1|CAT|CS|DLST|GLDC|OGDH|RBKS,-2.5240074456102475,0,3,0,0,-13.48854050784852,92.96311475409836,
1,-4.931891326323978,R-HSA-71403,M1,1,0,Reactome Gene Sets,6,Citric acid cycle (TCA cycle),,-4.931891326323978,67.60953800298063,14.050193700682655,30244,22,61,3,4.918032786885246,2.768725315386085,1431|1743|4967,CS|DLST|OGDH,-2.4698240860600023,0,3,0,0,-13.48854050784852,92.96311475409836,
1,-4.515879391354278,hsa00020,M1,1,0,KEGG Pathway,24,Citrate cycle (TCA cycle),,-4.515879391354278,49.58032786885246,11.967766490034887,30244,30,61,3,4.918032786885246,2.768725315386085,1431|1743|4967,CS|DLST|OGDH,-2.081135278301537,0,3,0,0,-13.48854050784852,92.96311475409836,
1,-4.473562701285592,GO:0006637,M1,1,0,GO Biological Processes,19,acyl-CoA metabolic process,19_GO:0008152 metabolic process,-4.473562701285592,22.03570127504554,8.984665950201144,30244,90,61,4,6.557377049180328,3.169368016727883,38|1743|4967|54995,ACAT1|DLST|OGDH|OXSM,-2.053160662640636,0,3,0,0,-13.48854050784852,92.96311475409836,
1,-4.473562701285592,GO:0035383,M1,1,0,GO Biological Processes,19,thioester metabolic process,19_GO:0008152 metabolic process,-4.473562701285592,22.03570127504554,8.984665950201144,30244,90,61,4,6.557377049180328,3.169368016727883,38|1743|4967|54995,ACAT1|DLST|OGDH|OXSM,-2.053160662640636,0,3,0,0,-13.48854050784852,92.96311475409836,
1,-4.454693881719425,GO:0043648,M1,1,0,GO Biological Processes,19,dicarboxylic acid metabolic process,19_GO:0008152 metabolic process,-4.454693881719425,21.7935507115835,8.930591789956718,30244,91,61,4,6.557377049180328,3.169368016727883,471|1743|2752|4967,ATIC|DLST|GLUL|OGDH,-2.0406343675265357,0,3,0,0,-13.48854050784852,92.96311475409836,
1,-4.389402851012763,GO:0006099,M1,1,0,GO Biological Processes,19,tricarboxylic acid cycle,19_GO:0008152 metabolic process,-4.389402851012763,45.073025335320416,11.387894444694354,30244,33,61,3,4.918032786885246,2.768725315386085,1431|1743|4967,CS|DLST|OGDH,-1.9853275577264742,0,3,0,0,-13.48854050784852,92.96311475409836,
1,-4.071948292702843,hsa00380,M1,1,0,KEGG Pathway,24,Tryptophan metabolism,,-4.071948292702843,35.414519906323186,10.033319898499206,30244,42,61,3,4.918032786885246,2.768725315386085,38|847|1743,ACAT1|CAT|DLST,-1.7056615603059544,0,3,0,0,-13.48854050784852,92.96311475409836,
1,-3.7211103586384002,R-HSA-71406,M1,1,0,Reactome Gene Sets,6,Pyruvate metabolism and Citric Acid (TCA) cycle,,-3.7211103586384002,27.04381520119225,8.69075959322016,30244,55,61,3,4.918032786885246,2.768725315386085,1431|1743|4967,CS|DLST|OGDH,-1.3768737669845856,0,3,0,0,-13.48854050784852,92.96311475409836,
1,-3.4761747125191325,GO:0009060,M1,1,0,GO Biological Processes,19,aerobic respiration,19_GO:0008152 metabolic process,-3.4761747125191325,12.166951624258273,6.42655831197683,30244,163,61,4,6.557377049180328,3.169368016727883,847|1431|1743|4967,CAT|CS|DLST|OGDH,-1.1446500863814555,0,3,0,0,-13.48854050784852,92.96311475409836,
1,-3.1829619765967445,GO:0045333,M1,1,0,GO Biological Processes,19,cellular respiration,19_GO:0008152 metabolic process,-3.1829619765967445,10.170323665405634,5.775413830165721,30244,195,61,4,6.557377049180328,3.169368016727883,847|1431|1743|4967,CAT|CS|DLST|OGDH,-0.8757966963185122,0,3,0,0,-13.48854050784852,92.96311475409836,
1,-2.88632218718551,WP4932,M1,1,0,WikiPathways,27,7q11.23 copy number variation syndrome,,-2.88632218718551,14.032168264769563,6.042387141152844,30244,106,61,3,4.918032786885246,2.768725315386085,1743|2597|4967,DLST|GAPDH|OGDH,-0.6022222109759712,0,3,0,0,-13.48854050784852,92.96311475409836,
1,-2.6979838347207177,GO:0015980,M1,1,0,GO Biological Processes,19,energy derivation by oxidation of organic compounds,19_GO:0008152 metabolic process,-2.6979838347207177,7.51217088922007,4.7775813215685705,30244,264,61,4,6.557377049180328,3.169368016727883,847|1431|1743|4967,CAT|CS|DLST|OGDH,-0.42130787659038565,0,3,0,0,-13.48854050784852,92.96311475409836,
1,-2.429177648037397,GO:0032787,M1,1,0,GO Biological Processes,19,monocarboxylic acid metabolic process,19_GO:0008152 metabolic process,-2.429177648037397,4.841828893442623,3.9414596711644605,30244,512,61,5,8.19672131147541,3.5122406348195736,38|2597|4967|11019|54995,ACAT1|GAPDH|OGDH|LIAS|OXSM,-0.1669795132756881,0,3,0,0,-13.48854050784852,92.96311475409836,
1,-2.3791185086356528,GO:0043543,M1,1,0,GO Biological Processes,19,protein acylation,19_GO:0008152 metabolic process,-2.3791185086356528,9.296311475409835,4.73013352544182,30244,160,61,3,4.918032786885246,2.768725315386085,1743|2752|4967,DLST|GLUL|OGDH,-0.12046565463859342,0,3,0,0,-13.48854050784852,92.96311475409836,
1,-2.2505034054905955,R-HSA-1428517,M1,1,0,Reactome Gene Sets,6,The citric acid (TCA) cycle and respiratory electron transport,,-2.2505034054905955,8.356235034076256,4.425108478585609,30244,178,61,3,4.918032786885246,2.768725315386085,1431|1743|4967,CS|DLST|OGDH,-0.00915540970200649,0,3,0,0,-13.48854050784852,92.96311475409836,
1,-12.615251582405751,GO:0055086,M1,1,0,GO Biological Processes,19,nucleobase-containing small molecule metabolic process,19_GO:0008152 metabolic process,-12.615251582405751,13.400088613203366,13.254692162869306,30244,555,61,15,24.59016393442623,5.513530645811811,38|471|1743|4351|4967|5198|8833|10201|10380|10845|54963|54995|64080|133686|221823,ACAT1|ATIC|DLST|MPI|OGDH|PFAS|GMPS|NME6|BPNT1|CLPX|UCKL1|OXSM|RBKS|NADK2|PRPS1L1,-9.6469048586809,0,4,1,1,-12.615251582405751,135.21907600596126,
1,-12.240978018616785,GO:0009117,M1,1,0,GO Biological Processes,19,nucleotide metabolic process,19_GO:0008152 metabolic process,-12.240978018616785,14.521434940668081,13.395923008915572,30244,478,61,14,22.950819672131146,5.384162938717849,38|471|1743|4967|5198|8833|10201|10380|10845|54963|54995|64080|133686|221823,ACAT1|ATIC|DLST|OGDH|PFAS|GMPS|NME6|BPNT1|CLPX|UCKL1|OXSM|RBKS|NADK2|PRPS1L1,-9.307393401151145,0,4,0,0,-12.615251582405751,135.21907600596126,
1,-12.13174697593108,GO:0006753,M1,1,0,GO Biological Processes,19,nucleoside phosphate metabolic process,19_GO:0008152 metabolic process,-12.13174697593108,14.25307166661056,13.255087682396233,30244,487,61,14,22.950819672131146,5.384162938717849,38|471|1743|4967|5198|8833|10201|10380|10845|54963|54995|64080|133686|221823,ACAT1|ATIC|DLST|OGDH|PFAS|GMPS|NME6|BPNT1|CLPX|UCKL1|OXSM|RBKS|NADK2|PRPS1L1,-9.21455277465361,0,4,0,0,-12.615251582405751,135.21907600596126,
1,-11.671126560704906,GO:0006163,M1,1,0,GO Biological Processes,19,purine nucleotide metabolic process,19_GO:0008152 metabolic process,-11.671126560704906,15.346291959406715,13.3099834387749,30244,420,61,13,21.311475409836067,5.243213500997451,38|471|1743|4967|5198|8833|10201|10380|10845|54995|64080|133686|221823,ACAT1|ATIC|DLST|OGDH|PFAS|GMPS|NME6|BPNT1|CLPX|OXSM|RBKS|NADK2|PRPS1L1,-8.79968984998811,0,4,0,0,-12.615251582405751,135.21907600596126,
1,-11.518617202939726,GO:0090407,M1,1,0,GO Biological Processes,19,organophosphate biosynthetic process,19_GO:0008152 metabolic process,-11.518617202939726,12.830399078815791,12.48228287500745,30244,541,61,14,22.950819672131146,5.384162938717849,38|471|1040|2643|2710|5198|8566|8833|10201|10380|23761|54963|133686|221823,ACAT1|ATIC|CDS1|GCH1|GK|PFAS|PDXK|GMPS|NME6|BPNT1|PISD|UCKL1|NADK2|PRPS1L1,-8.661420931337542,0,4,0,0,-12.615251582405751,135.21907600596126,
1,-11.29553321743146,GO:0072521,M1,1,0,GO Biological Processes,19,purine-containing compound metabolic process,19_GO:0008152 metabolic process,-11.29553321743146,14.3232058287796,12.801083718766744,30244,450,61,13,21.311475409836067,5.243213500997451,38|471|1743|4967|5198|8833|10201|10380|10845|54995|64080|133686|221823,ACAT1|ATIC|DLST|OGDH|PFAS|GMPS|NME6|BPNT1|CLPX|OXSM|RBKS|NADK2|PRPS1L1,-8.452125230314909,0,4,0,0,-12.615251582405751,135.21907600596126,
1,-11.03287377620406,GO:0019693,M1,1,0,GO Biological Processes,19,ribose phosphate metabolic process,19_GO:0008152 metabolic process,-11.03287377620406,16.123683859789416,13.140532567247138,30244,369,61,12,19.672131147540984,5.0897202262446,38|471|1743|4967|5198|8833|10201|10380|10845|54963|54995|221823,ACAT1|ATIC|DLST|OGDH|PFAS|GMPS|NME6|BPNT1|CLPX|UCKL1|OXSM|PRPS1L1,-8.215794727809858,0,4,0,0,-12.615251582405751,135.21907600596126,
1,-9.843385732593438,GO:0009259,M1,1,0,GO Biological Processes,19,ribonucleotide metabolic process,19_GO:0008152 metabolic process,-9.843385732593438,15.149544626593807,12.14144844568672,30244,360,61,11,18.0327868852459,4.922509831769471,38|471|1743|4967|5198|8833|10201|10380|10845|54963|54995,ACAT1|ATIC|DLST|OGDH|PFAS|GMPS|NME6|BPNT1|CLPX|UCKL1|OXSM,-7.074611363773791,0,4,0,0,-12.615251582405751,135.21907600596126,
1,-8.802193546276317,GO:0009150,M1,1,0,GO Biological Processes,19,purine ribonucleotide metabolic process,19_GO:0008152 metabolic process,-8.802193546276317,14.539685592038843,11.303801931557107,30244,341,61,10,16.39344262295082,4.740130905820338,38|471|1743|4967|5198|8833|10201|10380|10845|54995,ACAT1|ATIC|DLST|OGDH|PFAS|GMPS|NME6|BPNT1|CLPX|OXSM,-6.0664194375595955,0,4,0,0,-12.615251582405751,135.21907600596126,
1,-8.124419375339496,GO:0009156,M1,1,0,GO Biological Processes,19,ribonucleoside monophosphate biosynthetic process,19_GO:0008152 metabolic process,-8.124419375339496,72.91224686595949,18.860930057338887,30244,34,61,5,8.19672131147541,3.5122406348195736,471|5198|8833|54963|221823,ATIC|PFAS|GMPS|UCKL1|PRPS1L1,-5.409329865482626,0,4,0,0,-12.615251582405751,135.21907600596126,
1,-7.644466983002742,GO:0009124,M1,1,0,GO Biological Processes,19,nucleoside monophosphate biosynthetic process,19_GO:0008152 metabolic process,-7.644466983002742,59.02419984387197,16.916561976535046,30244,42,61,5,8.19672131147541,3.5122406348195736,471|5198|8833|54963|221823,ATIC|PFAS|GMPS|UCKL1|PRPS1L1,-4.939361694052472,0,4,0,0,-12.615251582405751,135.21907600596126,
1,-7.235589511252242,GO:0009165,M1,1,0,GO Biological Processes,19,nucleotide biosynthetic process,19_GO:0008152 metabolic process,-7.235589511252242,15.081468553263107,10.31095560746866,30244,263,61,8,13.114754098360656,4.322033967852647,38|471|5198|8833|10201|54963|133686|221823,ACAT1|ATIC|PFAS|GMPS|NME6|UCKL1|NADK2|PRPS1L1,-4.549789377497359,0,4,0,0,-12.615251582405751,135.21907600596126,
1,-7.210270479484958,GO:1901293,M1,1,0,GO Biological Processes,19,nucleoside phosphate biosynthetic process,19_GO:0008152 metabolic process,-7.210270479484958,14.967646149087537,10.266767816332026,30244,265,61,8,13.114754098360656,4.322033967852647,38|471|5198|8833|10201|54963|133686|221823,ACAT1|ATIC|PFAS|GMPS|NME6|UCKL1|NADK2|PRPS1L1,-4.533810371984218,0,4,0,0,-12.615251582405751,135.21907600596126,
1,-6.886097114045429,GO:0009161,M1,1,0,GO Biological Processes,19,ribonucleoside monophosphate metabolic process,19_GO:0008152 metabolic process,-6.886097114045429,42.01722700750208,14.17727822694508,30244,59,61,5,8.19672131147541,3.5122406348195736,471|5198|8833|54963|221823,ATIC|PFAS|GMPS|UCKL1|PRPS1L1,-4.218780385984559,0,4,0,0,-12.615251582405751,135.21907600596126,
1,-6.58152872363319,GO:0046390,M1,1,0,GO Biological Processes,19,ribose phosphate biosynthetic process,19_GO:0008152 metabolic process,-6.58152872363319,16.14243232939382,10.017067190765028,30244,215,61,7,11.475409836065573,4.080854845958752,38|471|5198|8833|10201|54963|221823,ACAT1|ATIC|PFAS|GMPS|NME6|UCKL1|PRPS1L1,-3.9319407625327516,0,4,0,0,-12.615251582405751,135.21907600596126,
1,-6.396620283886169,GO:0006164,M1,1,0,GO Biological Processes,19,purine nucleotide biosynthetic process,19_GO:0008152 metabolic process,-6.396620283886169,15.155558737203807,9.66655516857779,30244,229,61,7,11.475409836065573,4.080854845958752,38|471|5198|8833|10201|133686|221823,ACAT1|ATIC|PFAS|GMPS|NME6|NADK2|PRPS1L1,-3.772338188050501,0,4,0,0,-12.615251582405751,135.21907600596126,
1,-6.330431862800921,GO:0009123,M1,1,0,GO Biological Processes,19,nucleoside monophosphate metabolic process,19_GO:0008152 metabolic process,-6.330431862800921,32.618636755823985,12.407172721298682,30244,76,61,5,8.19672131147541,3.5122406348195736,471|5198|8833|54963|221823,ATIC|PFAS|GMPS|UCKL1|PRPS1L1,-3.7142676571874325,0,4,0,0,-12.615251582405751,135.21907600596126,
1,-6.284012886488891,GO:0072522,M1,1,0,GO Biological Processes,19,purine-containing compound biosynthetic process,19_GO:0008152 metabolic process,-6.284012886488891,14.582449373191897,9.457115026449936,30244,238,61,7,11.475409836065573,4.080854845958752,38|471|5198|8833|10201|133686|221823,ACAT1|ATIC|PFAS|GMPS|NME6|NADK2|PRPS1L1,-3.6758176105466775,0,4,0,0,-12.615251582405751,135.21907600596126,
1,-5.8950576120935985,R-HSA-73817,M1,1,0,Reactome Gene Sets,6,Purine ribonucleoside monophosphate biosynthesis,,-5.8950576120935985,135.21907600596126,20.01548488816491,30244,11,61,3,4.918032786885246,2.768725315386085,471|5198|8833,ATIC|PFAS|GMPS,-3.3099276402200783,0,4,0,0,-12.615251582405751,135.21907600596126,
1,-5.553314469014986,GO:0006177,M1,1,0,GO Biological Processes,19,GMP biosynthetic process,19_GO:0008152 metabolic process,-5.553314469014986,106.24355971896955,17.706659004287474,30244,14,61,3,4.918032786885246,2.768725315386085,471|5198|8833,ATIC|PFAS|GMPS,-2.990086338589296,0,4,0,0,-12.615251582405751,135.21907600596126,
1,-5.553314469014986,R-HSA-8956320,M1,1,0,Reactome Gene Sets,6,Nucleotide biosynthesis,,-5.553314469014986,106.24355971896955,17.706659004287474,30244,14,61,3,4.918032786885246,2.768725315386085,471|5198|8833,ATIC|PFAS|GMPS,-2.990086338589296,0,4,0,0,-12.615251582405751,135.21907600596126,
1,-5.543624519946521,GO:1901137,M1,1,0,GO Biological Processes,19,carbohydrate derivative biosynthetic process,19_GO:0008152 metabolic process,-5.543624519946521,7.512170889220069,7.206141946397395,30244,594,61,9,14.754098360655737,4.540756089329339,38|471|2710|4351|5198|8833|10201|54963|221823,ACAT1|ATIC|GK|MPI|PFAS|GMPS|NME6|UCKL1|PRPS1L1,-2.989711634611188,0,4,0,0,-12.615251582405751,135.21907600596126,
1,-5.399165145091442,GO:0009260,M1,1,0,GO Biological Processes,19,ribonucleotide biosynthetic process,19_GO:0008152 metabolic process,-5.399165145091442,14.30201765447667,8.654147439209131,30244,208,61,6,9.836065573770492,3.8129597199970875,38|471|5198|8833|10201|54963,ACAT1|ATIC|PFAS|GMPS|NME6|UCKL1,-2.866144526157071,0,4,0,0,-12.615251582405751,135.21907600596126,
1,-5.209300319863304,hsa00230,M1,1,0,KEGG Pathway,24,Purine metabolism,,-5.209300319863304,19.36731557377049,9.361559000518104,30244,128,61,5,8.19672131147541,3.5122406348195736,471|5198|8833|10201|221823,ATIC|PFAS|GMPS|NME6|PRPS1L1,-2.7079245256774334,0,4,0,0,-12.615251582405751,135.21907600596126,
1,-5.061258410739823,GO:0009168,M1,1,0,GO Biological Processes,19,purine ribonucleoside monophosphate biosynthetic process,19_GO:0008152 metabolic process,-5.061258410739823,74.37049180327868,14.755590975248134,30244,20,61,3,4.918032786885246,2.768725315386085,471|5198|8833,ATIC|PFAS|GMPS,-2.5760233054238215,0,4,0,0,-12.615251582405751,135.21907600596126,
1,-4.931891326323978,GO:0009127,M1,1,0,GO Biological Processes,19,purine nucleoside monophosphate biosynthetic process,19_GO:0008152 metabolic process,-4.931891326323978,67.60953800298063,14.050193700682655,30244,22,61,3,4.918032786885246,2.768725315386085,471|5198|8833,ATIC|PFAS|GMPS,-2.4698240860600023,0,4,0,0,-12.615251582405751,135.21907600596126,
1,-4.65640736875568,GO:0046037,M1,1,0,GO Biological Processes,19,GMP metabolic process,19_GO:0008152 metabolic process,-4.65640736875568,55.08925318761384,12.640473582204146,30244,27,61,3,4.918032786885246,2.768725315386085,471|5198|8833,ATIC|PFAS|GMPS,-2.2163344221978725,0,4,0,0,-12.615251582405751,135.21907600596126,
1,-4.338719067041891,GO:0009152,M1,1,0,GO Biological Processes,19,purine ribonucleotide biosynthetic process,19_GO:0008152 metabolic process,-4.338719067041891,12.778435017745478,7.398818391454648,30244,194,61,5,8.19672131147541,3.5122406348195736,38|471|5198|8833|10201,ACAT1|ATIC|PFAS|GMPS|NME6,-1.939551108250347,0,4,0,0,-12.615251582405751,135.21907600596126,
1,-4.311171891907822,R-HSA-15869,M1,1,0,Reactome Gene Sets,6,Metabolism of nucleotides,,-4.311171891907822,20.032455704586855,8.527091658513633,30244,99,61,4,6.557377049180328,3.169368016727883,471|5198|8833|54963,ATIC|PFAS|GMPS|UCKL1,-1.9168564359106897,0,4,0,0,-12.615251582405751,135.21907600596126,
1,-4.071948292702843,GO:0009167,M1,1,0,GO Biological Processes,19,purine ribonucleoside monophosphate metabolic process,19_GO:0008152 metabolic process,-4.071948292702843,35.414519906323186,10.033319898499206,30244,42,61,3,4.918032786885246,2.768725315386085,471|5198|8833,ATIC|PFAS|GMPS,-1.7056615603059544,0,4,0,0,-12.615251582405751,135.21907600596126,
1,-4.011117845629467,GO:0009126,M1,1,0,GO Biological Processes,19,purine nucleoside monophosphate metabolic process,19_GO:0008152 metabolic process,-4.011117845629467,33.804769001490314,9.789398348689938,30244,44,61,3,4.918032786885246,2.768725315386085,471|5198|8833,ATIC|PFAS|GMPS,-1.649331614459255,0,4,0,0,-12.615251582405751,135.21907600596126,
1,-12.277121274656182,R-HSA-71291,M1,1,0,Reactome Gene Sets,6,Metabolism of amino acids and derivatives,,-12.277121274656182,17.1421346355075,14.159501596342448,30244,376,61,13,21.311475409836067,5.243213500997451,38|262|440|1743|2653|2731|2752|4967|5859|11019|25828|29920|29968,ACAT1|AMD1|ASNS|DLST|GCSH|GLDC|GLUL|OGDH|QARS1|LIAS|TXN2|PYCR2|PSAT1,-9.326503317891762,0,5,1,1,-12.277121274656182,99.16065573770491,
1,-11.109823203001243,GO:1901605,M1,1,0,GO Biological Processes,19,alpha-amino acid metabolic process,19_GO:0008152 metabolic process,-11.109823203001243,25.040569630733565,15.25738720287111,30244,198,61,10,16.39344262295082,4.740130905820338,38|440|1743|2653|2731|2752|5198|8833|29920|29968,ACAT1|ASNS|DLST|GCSH|GLDC|GLUL|PFAS|GMPS|PYCR2|PSAT1,-8.279779177442673,0,5,0,0,-12.277121274656182,99.16065573770491,
1,-10.524436263592612,hsa00630,M1,1,0,KEGG Pathway,24,Glyoxylate and dicarboxylate metabolism,,-10.524436263592612,99.16065573770491,24.18188303605011,30244,30,61,6,9.836065573770492,3.8129597199970875,38|847|1431|2653|2731|2752,ACAT1|CAT|CS|GCSH|GLDC|GLUL,-7.733927765861248,0,5,0,0,-12.277121274656182,99.16065573770491,
1,-8.336631048559324,R-HSA-389661,M1,1,0,Reactome Gene Sets,6,Glyoxylate metabolism and glycine degradation,,-8.336631048559324,79.96827075621364,19.775738010654976,30244,31,61,5,8.19672131147541,3.5122406348195736,1743|2653|2731|4967|11019,DLST|GCSH|GLDC|OGDH|LIAS,-5.611322373520768,0,5,0,0,-12.277121274656182,99.16065573770491,
1,-5.939566175203108,GO:1901606,M1,1,0,GO Biological Processes,19,alpha-amino acid catabolic process,19_GO:0008152 metabolic process,-5.939566175203108,27.241938389479373,11.270611873088198,30244,91,61,5,8.19672131147541,3.5122406348195736,38|1743|2653|2731|2752,ACAT1|DLST|GCSH|GLDC|GLUL,-3.346883065439142,0,5,0,0,-12.277121274656182,99.16065573770491,
1,-5.51268582849494,GO:0009063,M1,1,0,GO Biological Processes,19,amino acid catabolic process,19_GO:0008152 metabolic process,-5.51268582849494,22.33348102200561,10.122742274021327,30244,111,61,5,8.19672131147541,3.5122406348195736,38|1743|2653|2731|2752,ACAT1|DLST|GCSH|GLDC|GLUL,-2.9703078370423692,0,5,0,0,-12.277121274656182,99.16065573770491,
1,-5.151129202766372,GO:0044282,M1,1,0,GO Biological Processes,19,small molecule catabolic process,19_GO:0008152 metabolic process,-5.151129202766372,9.831793061812101,7.503470256015282,30244,353,61,7,11.475409836065573,4.080854845958752,38|1743|2653|2710|2731|2752|64080,ACAT1|DLST|GCSH|GK|GLDC|GLUL|RBKS,-2.659903733761183,0,5,0,0,-12.277121274656182,99.16065573770491,
1,-4.169120913913173,GO:0009069,M1,1,0,GO Biological Processes,19,serine family amino acid metabolic process,19_GO:0008152 metabolic process,-4.169120913913173,38.13871374527112,10.433160591041904,30244,39,61,3,4.918032786885246,2.768725315386085,2653|2731|29968,GCSH|GLDC|PSAT1,-1.784350775822271,0,5,0,0,-12.277121274656182,99.16065573770491,
1,-4.135886220980297,hsa00260,M1,1,0,KEGG Pathway,24,"Glycine, serine and threonine metabolism",,-4.135886220980297,37.18524590163934,10.294978489206924,30244,40,61,3,4.918032786885246,2.768725315386085,2653|2731|29968,GCSH|GLDC|PSAT1,-1.7572019854561707,0,5,0,0,-12.277121274656182,99.16065573770491,
1,-3.9544968825453775,GO:0016054,M1,1,0,GO Biological Processes,19,organic acid catabolic process,19_GO:0008152 metabolic process,-3.9544968825453775,10.5940871514642,6.623304787008575,30244,234,61,5,8.19672131147541,3.5122406348195736,38|1743|2653|2731|2752,ACAT1|DLST|GCSH|GLDC|GLUL,-1.6015741117064701,0,5,0,0,-12.277121274656182,99.16065573770491,
1,-3.9544968825453775,GO:0046395,M1,1,0,GO Biological Processes,19,carboxylic acid catabolic process,19_GO:0008152 metabolic process,-3.9544968825453775,10.5940871514642,6.623304787008575,30244,234,61,5,8.19672131147541,3.5122406348195736,38|1743|2653|2731|2752,ACAT1|DLST|GCSH|GLDC|GLUL,-1.6015741117064701,0,5,0,0,-12.277121274656182,99.16065573770491,
1,-10.625028424581139,hsa01240,M1,1,0,KEGG Pathway,24,Biosynthesis of cofactors,,-10.625028424581139,29.1648987463838,15.701160379356129,30244,153,61,9,14.754098360655737,4.540756089329339,2643|4351|8566|10201|11019|29968|54995|124454|133686,GCH1|MPI|PDXK|NME6|LIAS|PSAT1|OXSM|EARS2|NADK2,-7.820538503494957,0,6,1,1,-10.625028424581139,47.98096245372818,
1,-6.273841803847588,GO:0072524,M1,1,0,GO Biological Processes,19,pyridine-containing compound metabolic process,19_GO:0008152 metabolic process,-6.273841803847588,31.7822614543926,12.237286023752436,30244,78,61,5,8.19672131147541,3.5122406348195736,4967|8566|29968|64080|133686,OGDH|PDXK|PSAT1|RBKS|NADK2,-3.673471865417331,0,6,0,0,-10.625028424581139,47.98096245372818,
1,-4.4722997023628,GO:0072525,M1,1,0,GO Biological Processes,19,pyridine-containing compound biosynthetic process,19_GO:0008152 metabolic process,-4.4722997023628,47.98096245372818,11.765272255252487,30244,31,61,3,4.918032786885246,2.768725315386085,8566|29968|133686,PDXK|PSAT1|NADK2,-2.053160662640636,0,6,0,0,-10.625028424581139,47.98096245372818,
1,-2.5642353122336465,GO:1901615,M1,1,0,GO Biological Processes,19,organic hydroxy compound metabolic process,19_GO:0008152 metabolic process,-2.5642353122336465,5.208017633282821,4.1600863880496055,30244,476,61,5,8.19672131147541,3.5122406348195736,847|2643|2710|8566|29968,CAT|GCH1|GK|PDXK|PSAT1,-0.2948585928448141,0,6,0,0,-10.625028424581139,47.98096245372818,
1,-2.291732043648461,GO:1901617,M1,1,0,GO Biological Processes,19,organic hydroxy compound biosynthetic process,19_GO:0008152 metabolic process,-2.291732043648461,8.647731605032405,4.521805268991155,30244,172,61,3,4.918032786885246,2.768725315386085,2643|8566|29968,GCH1|PDXK|PSAT1,-0.04697779916796046,0,6,0,0,-10.625028424581139,47.98096245372818,
1,-2.1661795536060198,R-HSA-196854,M1,1,0,Reactome Gene Sets,6,Metabolism of vitamins and cofactors,,-2.1661795536060198,7.787486052699339,4.230365274342656,30244,191,61,3,4.918032786885246,2.768725315386085,2643|8566|133686,GCH1|PDXK|NADK2,0.0,0,6,0,0,-10.625028424581139,47.98096245372818,
1,-9.770454285901643,hsa01230,M1,1,0,KEGG Pathway,24,Biosynthesis of amino acids,,-9.770454285901643,46.27497267759562,17.648366799310374,30244,75,61,7,11.475409836065573,4.080854845958752,440|1431|2597|2752|29920|29968|221823,ASNS|CS|GAPDH|GLUL|PYCR2|PSAT1|PRPS1L1,-7.012960927491685,0,7,1,1,-9.770454285901643,79.32852459016394,
1,-6.7363772811529286,GO:0006541,M1,1,0,GO Biological Processes,19,glutamine metabolic process,19_GO:0008152 metabolic process,-6.7363772811529286,79.32852459016394,17.613515931553856,30244,25,61,4,6.557377049180328,3.169368016727883,440|2752|5198|8833,ASNS|GLUL|PFAS|GMPS,-4.078015395744985,0,7,0,0,-9.770454285901643,79.32852459016394,
1,-6.491602439585752,GO:0044283,M1,1,0,GO Biological Processes,19,small molecule biosynthetic process,19_GO:0008152 metabolic process,-6.491602439585752,9.785591026747197,8.498237847899503,30244,456,61,9,14.754098360655737,4.540756089329339,440|2643|2752|8566|11019|29920|29968|54963|54995,ASNS|GCH1|GLUL|PDXK|LIAS|PYCR2|PSAT1|UCKL1|OXSM,-3.850614650247231,0,7,0,0,-9.770454285901643,79.32852459016394,
1,-6.448466943394356,GO:0009064,M1,1,0,GO Biological Processes,19,glutamine family amino acid metabolic process,19_GO:0008152 metabolic process,-6.448466943394356,34.43078324225865,12.767530404937022,30244,72,61,5,8.19672131147541,3.5122406348195736,440|2752|5198|8833|29920,ASNS|GLUL|PFAS|GMPS|PYCR2,-3.815912321592698,0,7,0,0,-9.770454285901643,79.32852459016394,
1,-5.80065124099831,WP4290,M1,1,0,WikiPathways,27,Metabolic reprogramming in colon cancer,,-5.80065124099831,47.21935987509759,13.474940937517125,30244,42,61,4,6.557377049180328,3.169368016727883,1743|2597|29920|29968,DLST|GAPDH|PYCR2|PSAT1,-3.222945287203997,0,7,0,0,-9.770454285901643,79.32852459016394,
1,-4.9814519104740524,GO:1901607,M1,1,0,GO Biological Processes,19,alpha-amino acid biosynthetic process,19_GO:0008152 metabolic process,-4.9814519104740524,29.600195742598487,10.53572741371164,30244,67,61,4,6.557377049180328,3.169368016727883,440|2752|29920|29968,ASNS|GLUL|PYCR2|PSAT1,-2.507955208429295,0,7,0,0,-9.770454285901643,79.32852459016394,
1,-4.786446038011849,GO:0008652,M1,1,0,GO Biological Processes,19,amino acid biosynthetic process,19_GO:0008152 metabolic process,-4.786446038011849,26.442841530054647,9.91772215825835,30244,75,61,4,6.557377049180328,3.169368016727883,440|2752|29920|29968,ASNS|GLUL|PYCR2|PSAT1,-2.3299826752658723,0,7,0,0,-9.770454285901643,79.32852459016394,
1,-4.718047481396349,GO:0046394,M1,1,0,GO Biological Processes,19,carboxylic acid biosynthetic process,19_GO:0008152 metabolic process,-4.718047481396349,10.857006102668421,7.368398165369789,30244,274,61,6,9.836065573770492,3.8129597199970875,440|2752|11019|29920|29968|54995,ASNS|GLUL|LIAS|PYCR2|PSAT1|OXSM,-2.2671166072503333,0,7,0,0,-9.770454285901643,79.32852459016394,
1,-4.691441187051074,GO:0016053,M1,1,0,GO Biological Processes,19,organic acid biosynthetic process,19_GO:0008152 metabolic process,-4.691441187051074,10.739421199029414,7.320614691519339,30244,277,61,6,9.836065573770492,3.8129597199970875,440|2752|11019|29920|29968|54995,ASNS|GLUL|LIAS|PYCR2|PSAT1|OXSM,-2.2459732086065607,0,7,0,0,-9.770454285901643,79.32852459016394,
1,-4.389402851012763,WP408,M1,1,0,WikiPathways,27,Oxidative stress response,,-4.389402851012763,45.073025335320416,11.387894444694354,30244,33,61,3,4.918032786885246,2.768725315386085,847|6647|25828,CAT|SOD1|TXN2,-1.9853275577264742,0,8,1,1,-4.389402851012763,45.073025335320416,
1,-4.238351290490189,R-HSA-3299685,M1,1,0,Reactome Gene Sets,6,Detoxification of Reactive Oxygen Species,,-4.238351290490189,40.2002658396101,10.72586254003922,30244,37,61,3,4.918032786885246,2.768725315386085,847|6647|25828,CAT|SOD1|TXN2,-1.8488347173748252,0,8,0,0,-4.389402851012763,45.073025335320416,
1,-3.4295663060596304,GO:0031667,M1,1,0,GO Biological Processes,19,response to nutrient levels,19_GO:0050896 response to stimulus,-3.4295663060596304,6.315965333611778,5.227300240561323,30244,471,61,6,9.836065573770492,3.8129597199970875,38|440|847|2752|6647|25828,ACAT1|ASNS|CAT|GLUL|SOD1|TXN2,-1.102197639693111,0,8,0,0,-4.389402851012763,45.073025335320416,
1,-3.2880923608203463,GO:0009991,M1,1,0,GO Biological Processes,19,response to extracellular stimulus,19_GO:0050896 response to stimulus,-3.2880923608203463,5.937763816629037,5.010175520128195,30244,501,61,6,9.836065573770492,3.8129597199970875,38|440|847|2752|6647|25828,ACAT1|ASNS|CAT|GLUL|SOD1|TXN2,-0.9729581508708387,0,8,0,0,-4.389402851012763,45.073025335320416,
1,-3.017412116472772,GO:0006979,M1,1,0,GO Biological Processes,19,response to oxidative stress,19_GO:0050896 response to stimulus,-3.017412116472772,6.610710382513661,4.914952153440409,30244,375,61,5,8.19672131147541,3.5122406348195736,847|6647|11019|25828|29920,CAT|SOD1|LIAS|TXN2|PYCR2,-0.7257590023727872,0,8,0,0,-4.389402851012763,45.073025335320416,
1,-2.3640677775068957,GO:0034284,M1,1,0,GO Biological Processes,19,response to monosaccharide,19_GO:0050896 response to stimulus,-2.3640677775068957,9.18154219793564,4.6939177883466785,30244,162,61,3,4.918032786885246,2.768725315386085,847|2752|25828,CAT|GLUL|TXN2,-0.10893149723267334,0,8,0,0,-4.389402851012763,45.073025335320416,
1,-2.1724385171401273,GO:0009743,M1,1,0,GO Biological Processes,19,response to carbohydrate,19_GO:0050896 response to stimulus,-2.1724385171401273,7.828472821397757,4.244684300258512,30244,190,61,3,4.918032786885246,2.768725315386085,847|2752|25828,CAT|GLUL|TXN2,0.0,0,8,0,0,-4.389402851012763,45.073025335320416,
1,-2.1173745191673388,R-HSA-9711123,M1,1,0,Reactome Gene Sets,6,Cellular response to chemical stress,,-2.1173745191673388,7.474421286761677,4.119433910162808,30244,199,61,3,4.918032786885246,2.768725315386085,847|6647|25828,CAT|SOD1|TXN2,0.0,0,8,0,0,-4.389402851012763,45.073025335320416,
1,-2.065001402676719,GO:0042594,M1,1,0,GO Biological Processes,19,response to starvation,19_GO:0050896 response to stimulus,-2.065001402676719,7.151008827238335,4.001779179182097,30244,208,61,3,4.918032786885246,2.768725315386085,38|440|2752,ACAT1|ASNS|GLUL,0.0,0,8,0,0,-4.389402851012763,45.073025335320416,
1,-4.132632097292929,GO:0016052,M1,1,0,GO Biological Processes,19,carbohydrate catabolic process,19_GO:0008152 metabolic process,-4.132632097292929,18.029210134128167,8.043750764719992,30244,110,61,4,6.557377049180328,3.169368016727883,2597|2710|4967|64080,GAPDH|GK|OGDH|RBKS,-1.7572019854561707,0,9,1,1,-4.132632097292929,20.949434310782728,
1,-3.581741055145681,GO:0005975,M1,1,0,GO Biological Processes,19,carbohydrate metabolic process,19_GO:0008152 metabolic process,-3.581741055145681,6.745622839299654,5.4641494326875,30244,441,61,6,9.836065573770492,3.8129597199970875,1431|2597|2710|4351|4967|64080,CS|GAPDH|GK|MPI|OGDH|RBKS,-1.2460203144143958,0,9,0,0,-4.132632097292929,20.949434310782728,
1,-3.3928975437682904,GO:0019362,M1,1,0,GO Biological Processes,19,pyridine nucleotide metabolic process,19_GO:0008152 metabolic process,-3.3928975437682904,20.949434310782728,7.56565727170075,30244,71,61,3,4.918032786885246,2.768725315386085,4967|64080|133686,OGDH|RBKS|NADK2,-1.0737233560170427,0,9,0,0,-4.132632097292929,20.949434310782728,
1,-3.3928975437682904,GO:0046496,M1,1,0,GO Biological Processes,19,nicotinamide nucleotide metabolic process,19_GO:0008152 metabolic process,-3.3928975437682904,20.949434310782728,7.56565727170075,30244,71,61,3,4.918032786885246,2.768725315386085,4967|64080|133686,OGDH|RBKS|NADK2,-1.0737233560170427,0,9,0,0,-4.132632097292929,20.949434310782728,
1,-2.185066117040307,GO:0005996,M1,1,0,GO Biological Processes,19,monosaccharide metabolic process,19_GO:0008152 metabolic process,-2.185066117040307,7.911754447157307,4.273638514574456,30244,188,61,3,4.918032786885246,2.768725315386085,2597|4351|64080,GAPDH|MPI|RBKS,0.0,0,9,0,0,-4.132632097292929,20.949434310782728,
1,-3.801117861430804,GO:0008033,M1,1,0,GO Biological Processes,19,tRNA processing,19_GO:0008152 metabolic process,-3.801117861430804,14.800097871299243,7.197395006961881,30244,134,61,4,6.557377049180328,3.169368016727883,10667|25821|54517|84705,FARS2|MTO1|PUS7|GTPBP3,-1.4525598959943469,0,10,1,1,-3.801117861430804,15.823508894314614,
1,-3.0370020419009784,GO:0006400,M1,1,0,GO Biological Processes,19,tRNA modification,19_GO:0008152 metabolic process,-3.0370020419009784,15.823508894314614,6.470940957508784,30244,94,61,3,4.918032786885246,2.768725315386085,25821|54517|84705,MTO1|PUS7|GTPBP3,-0.7415225199479408,0,10,0,0,-3.801117861430804,15.823508894314614,
1,-2.8745922837851774,R-HSA-72306,M1,1,0,Reactome Gene Sets,6,tRNA processing,,-2.8745922837851774,13.901026505285735,6.0098315272985365,30244,107,61,3,4.918032786885246,2.768725315386085,25821|54517|84705,MTO1|PUS7|GTPBP3,-0.5942201800948818,0,10,0,0,-3.801117861430804,15.823508894314614,
1,-2.243780177085588,GO:0009451,M1,1,0,GO Biological Processes,19,RNA modification,19_GO:0008152 metabolic process,-2.243780177085588,8.309552156790915,4.409433843573257,30244,179,61,3,4.918032786885246,2.768725315386085,25821|54517|84705,MTO1|PUS7|GTPBP3,-0.005811921948379645,0,10,0,0,-3.801117861430804,15.823508894314614,
1,-3.704530202182959,GO:0008610,M1,1,0,GO Biological Processes,19,lipid biosynthetic process,19_GO:0008152 metabolic process,-3.704530202182959,5.803717309062996,5.333854102291986,30244,598,61,7,11.475409836065573,4.080854845958752,38|1040|2710|10380|11019|23761|54995,ACAT1|CDS1|GK|BPNT1|LIAS|PISD|OXSM,-1.3645724085084192,0,11,1,1,-3.704530202182959,8.893332353157392,
1,-3.1458446278706766,GO:0046486,M1,1,0,GO Biological Processes,19,glycerolipid metabolic process,19_GO:0008152 metabolic process,-3.1458446278706766,7.0627247676428,5.136092188614786,30244,351,61,5,8.19672131147541,3.5122406348195736,847|1040|2710|10380|23761,CAT|CDS1|GK|BPNT1|PISD,-0.8465046851044009,0,11,0,0,-3.704530202182959,8.893332353157392,
1,-2.966391051210722,GO:0045017,M1,1,0,GO Biological Processes,19,glycerolipid biosynthetic process,19_GO:0008152 metabolic process,-2.966391051210722,8.893332353157392,5.31858854726708,30244,223,61,4,6.557377049180328,3.169368016727883,1040|2710|10380|23761,CDS1|GK|BPNT1|PISD,-0.6785309261278765,0,11,0,0,-3.704530202182959,8.893332353157392,
1,-2.093779721041733,GO:0046474,M1,1,0,GO Biological Processes,19,glycerophospholipid biosynthetic process,19_GO:0008152 metabolic process,-2.093779721041733,7.327142049584107,4.066254543194332,30244,203,61,3,4.918032786885246,2.768725315386085,1040|10380|23761,CDS1|BPNT1|PISD,0.0,0,11,0,0,-3.704530202182959,8.893332353157392,
1,-3.24088894650946,hsa00983,M1,1,0,KEGG Pathway,24,Drug metabolism - other enzymes,,-3.24088894650946,18.59262295081967,7.083163598125528,30244,80,61,3,4.918032786885246,2.768725315386085,8833|10201|54963,GMPS|NME6|UCKL1,-0.9297574790136265,0,12,1,1,-3.24088894650946,18.59262295081967,
1,-3.1640325105301264,hsa01232,M1,1,0,KEGG Pathway,24,Nucleotide metabolism,,-3.1640325105301264,17.49893924783028,6.847833117411867,30244,85,61,3,4.918032786885246,2.768725315386085,8833|10201|54963,GMPS|NME6|UCKL1,-0.8607975238803265,0,12,0,0,-3.24088894650946,18.59262295081967,
1,-2.4575708612124156,GO:0009199,M1,1,0,GO Biological Processes,19,ribonucleoside triphosphate metabolic process,19_GO:0008152 metabolic process,-2.4575708612124156,9.916065573770492,4.921246007365318,30244,150,61,3,4.918032786885246,2.768725315386085,10201|10845|54963,NME6|CLPX|UCKL1,-0.19179826609240835,0,12,0,0,-3.24088894650946,18.59262295081967,
1,-2.3273091817006235,GO:0009141,M1,1,0,GO Biological Processes,19,nucleoside triphosphate metabolic process,19_GO:0008152 metabolic process,-2.3273091817006235,8.906645724943555,4.606058057133955,30244,167,61,3,4.918032786885246,2.768725315386085,10201|10845|54963,NME6|CLPX|UCKL1,-0.07912176138172904,0,12,0,0,-3.24088894650946,18.59262295081967,
1,-2.5889062392077475,GO:0051604,M1,1,0,GO Biological Processes,19,protein maturation,19_GO:0008152 metabolic process,-2.5889062392077475,7.0078201934773805,4.564867141948228,30244,283,61,4,6.557377049180328,3.169368016727883,2653|11019|23761|63929,GCSH|LIAS|PISD|XPNPEP3,-0.315895235163821,0,13,1,1,-2.5889062392077475,7.0078201934773805,
1,-2.3492179409143925,R-HSA-9609507,M1,1,0,Reactome Gene Sets,6,Protein localization,,-2.3492179409143925,9.069572171131547,4.65832375171804,30244,164,61,3,4.918032786885246,2.768725315386085,847|1431|134266,CAT|CS|GRPEL2,-0.09756998848599155,0,14,1,1,-2.3492179409143925,9.069572171131547,
1,-2.004311703135131,GO:0006457,M1,1,0,GO Biological Processes,19,protein folding,19_GO:0009987 cellular process,-2.004311703135131,6.79182573545924,3.867160401836357,30244,219,61,3,4.918032786885246,2.768725315386085,3336|10845|134266,HSPE1|CLPX|GRPEL2,0.0,0,15,1,1,-2.004311703135131,6.79182573545924,
